Y,X,Z
-1.030055913298919101e+00,-1.534425148793024274e+00,-9.019260367265289347e-01
1.541622252590602038e-01,-1.055753688803066304e+00,-1.872848247018650270e-01
1.094451022533981854e+00,5.185753828172124935e-01,2.459235325546902384e-01
3.122892362104223274e+00,9.225655473240353954e-01,8.659330968354022051e-01
-2.118417643738999878e+00,-1.262024534169193135e+00,-8.255044855121185243e-01
4.442811189888673518e+00,1.349684068297777317e+00,9.012000332388154789e-01
-3.865789219227542262e-01,-1.350246465068160484e+00,-4.881687878443214945e-01
5.661853403031633647e+00,2.271219161865188241e+00,9.127621169265855983e-01
1.921717153163899905e+00,1.078944430502442708e+00,9.566236665545448936e-01
9.914773394888237945e+00,3.210799021446764545e+00,8.497989377204282491e-01
-3.829904978685706451e-01,-1.473882034980801059e+00,-9.838422898292267238e-01
7.384388007342976845e-01,-4.726226488601537046e-01,-8.247605699333981910e-01
1.449405752283541071e+00,-1.794425027243776172e-02,-9.574271989243610115e-02
1.534400390488535049e-01,-1.411873022256566301e+00,-5.346554696345071633e-01
1.512229985028399781e+00,-9.612631656415424608e-01,-9.060454945906328827e-01
6.985799637097539261e+00,2.410861354254941524e+00,6.764269200562280648e-01
4.216932995938035056e+00,1.816470931855312942e+00,7.752906143829243479e-01
-2.810445511077578340e-01,-1.109264324291448389e+00,-7.883134343409490263e-01
2.151732193475488497e-01,-8.408678001781455524e-01,-8.249396658756991130e-01
1.377428141975178821e+00,5.642571947105500252e-01,7.842275677695120795e-01
1.624205795107948047e-01,-2.374640581175505583e-01,4.499653049525524917e-01
6.392077223941545761e+00,2.219736339789007751e+00,5.125572472358068676e-01
7.658850628875885080e-01,5.093680476832640469e-02,1.406411404844363222e-01
-1.513643414713061963e+00,-8.332807779313997631e-01,-1.595435968133991356e-01
7.586864649472661037e-01,-6.306577804825621580e-01,-6.990065390239490473e-01
-1.499422087410464677e+00,-5.700291859736777988e-01,3.031498788117221732e-01
3.618794987190166346e+00,7.582157619923128866e-01,5.330650209837701770e-01
6.168963203570585030e+00,2.283411416740994238e+00,5.923734338878088312e-01
1.246261956036151197e+00,2.641873480014034214e-01,4.808608458349745707e-01
5.548278837827740340e+00,1.932504868791369068e+00,7.429418577960644754e-01
-1.666843281573671565e+00,-2.121272379493724713e+00,-6.970716515177590722e-01
1.084198676599069877e+01,3.657277094402334949e+00,9.520644865260994294e-01
1.421985728743455635e+00,-6.999741099922156540e-01,-6.101101741721015603e-01
4.766492342615521460e-01,-1.207200135085558790e+00,-9.214600927914122774e-01
-9.026237384884039372e-01,-8.361707531455038200e-01,-8.407422133306696743e-01
-1.980296497374145703e+00,-1.219639978326647167e+00,-8.339597122003561402e-01
1.140376257796404502e+00,4.902935400344138883e-01,6.364057061248766800e-01
2.964882044906160807e+00,1.083401279294833763e+00,9.116790572763646683e-01
-2.289958320442013306e+00,-1.895661224357158225e+00,-5.337836228373649128e-01
6.561739043350783618e+00,2.062087782487087573e+00,7.532912461260947712e-01
-6.589406437203830791e-01,-1.768403924151918716e+00,-6.294253618661205252e-01
3.104936885010161962e+00,1.537130901621966972e-01,-9.436026286457415146e-01
1.036993171046294293e+00,4.968455123870519907e-01,3.721015333830650640e-01
1.047673340487544902e-01,-4.402613864387319165e-01,-5.779196697014510331e-01
1.457322209320052409e+00,-6.665985227631235910e-01,-8.353911411341612414e-01
-2.995177611653072614e-01,-1.110603464994444955e+00,-1.013595357866952096e-01
8.667918479440011481e+00,2.831846818094448270e+00,8.258066903242184953e-01
3.405082288636754662e+00,1.611495116286445040e+00,8.383814444552541989e-01
7.532050819624404703e+00,2.758422766585526542e+00,7.555674798550719995e-01
5.968081472549463529e-02,-2.234015325643107508e-01,2.760807728548342332e-02
4.606131886670389974e+00,1.707015980247502007e+00,7.980841077046589849e-01
8.071455346410346010e+00,2.532072353518118213e+00,9.349307639047377272e-01
3.522686455483288737e-01,-1.273664215372028730e-01,-2.730259212742913721e-01
1.969411075691536173e+00,2.400830831525080367e-01,3.182962027647460168e-01
-1.069211974645490448e+00,-2.485163723326476504e+00,-6.635379902194020740e-01
5.845043181642774144e+00,2.180513212225763997e+00,6.594836557913974495e-01
-2.967241510700575624e+00,-2.283484305334291697e+00,-9.458427158036981641e-01
2.911106306248604891e+00,2.456053402545224640e-01,-4.918252100448561315e-01
-1.696477389374143829e+00,-1.505482166230518448e+00,-6.068438736089059038e-01
2.996119962689480776e-01,-2.002406495074341430e-01,-6.680401773904327545e-01
4.000039757748688807e+00,1.906577983016017441e+00,9.694734351341234291e-01
-6.223128469471287394e-01,-9.685204916845324696e-01,-4.817095065641576745e-01
1.728639222341362469e+00,5.691490944423176490e-01,-2.080865475643540741e-01
2.833387671533941221e-01,-1.312212935528755675e-01,1.423282780169681239e-01
-1.384066741079923890e+00,-7.728619911660088437e-01,1.625094231968400305e-01
3.809740248540359531e+00,1.571803122062411351e+00,1.432754118699055557e-01
-9.619791272093674017e-01,-8.625215429937420630e-01,-9.448692801432725386e-01
1.102364429330688234e+00,4.238582475680280348e-01,-3.875018028085448485e-01
2.440437990052382489e+00,4.646079467800257601e-01,2.468831187391713478e-01
1.405296916346995051e+00,-2.375150508717291387e-01,-9.108543688398471616e-01
6.631305206834268162e-01,-8.823268559258523602e-01,-6.390244316449231743e-01
1.177550607830126772e-01,-1.821076686446738702e-01,-2.841947092635841443e-01
-1.698509577687888239e+00,-1.646428934442159431e+00,-4.680853394289432590e-01
3.999148566725029941e+00,1.914685693524107890e+00,9.209210378743579728e-01
4.790220923682266374e+00,1.630352440307799355e+00,4.158096801768296213e-01
3.840860683515369689e-01,-4.171042897354967915e-03,1.427200105404258235e-01
-4.167895734675304831e-01,-9.589068451578552921e-01,-2.045624003466863794e-01
-1.453545586355472707e+00,-6.510667269167168536e-01,-6.634683692335348049e-01
4.178129069725401656e+00,1.518428609094671256e+00,3.798035549422462687e-01
-2.982147445427631549e+00,-2.495094623513500309e+00,-5.071546300837688204e-01
3.190934848610282870e+00,1.208416113608296039e+00,8.303893450732702242e-01
-6.318213442418142423e-01,-6.072367260344605500e-01,-3.397325694478610103e-01
1.990963017391339074e+00,9.269644696296021058e-01,3.650798955889260622e-01
-1.013033840964425725e+00,-2.074422996054694934e+00,-9.020802802742275972e-01
6.079535092369300564e+00,1.394039196852526308e+00,-2.635462421245582387e-01
-1.822664463592328365e-01,9.827157171433443389e-03,6.091899958292195105e-01
5.327049950214576945e+00,1.649798173381560318e+00,7.796972269293975799e-01
1.235390323219086373e+00,-1.069400476558455826e-01,-3.553016710550707113e-01
9.501903948178042070e-02,2.249261349694491596e-01,3.367429796613901072e-01
-4.180596706640116178e-01,-5.383154801187048921e-01,-2.274023254012824680e-02
3.489785535451508380e+00,7.474512372639043889e-01,5.827289079589879073e-01
5.279192034022210933e+00,1.249313824739057388e+00,5.316727908288860771e-01
2.159320326318126426e+00,5.829354923043904568e-01,-5.454216546278152222e-01
7.078195821496633400e+00,2.295576306792847188e+00,4.919089291795262220e-01
3.570281718021546258e+00,9.832180253683489024e-01,-5.757516592829925450e-02
7.387539426626286154e-01,1.316571572398304857e-01,-5.081584903403952858e-01
2.945431203112192531e+00,7.919360543310365319e-01,-1.210645465069064564e-01
2.542432195853411514e+00,9.822632757625244793e-01,6.591112594915393696e-01
3.189147364819077790e+00,1.279314542626538653e+00,7.748950908774616675e-01
1.244039447253254327e+00,2.447811085530696984e-01,-1.315398577201389863e-01
-1.589014763562198951e+00,-1.927025782355532568e+00,-6.987334999860261853e-01
2.272901668193124003e+00,5.277987001016386515e-01,-5.044761730036333436e-01
1.315092278351425614e+00,9.362824427843471353e-01,9.393098205064391859e-01
4.607874318096719435e+00,1.552081914641179283e+00,2.340563665918879988e-01
2.087689264802473410e+00,1.948052339347511042e-01,-5.038148578227810148e-01
-6.405452107988707233e-01,-9.205958830106603097e-01,8.158860722185190539e-03
8.129012559150106121e-01,-7.936825057868943656e-01,-8.796161023335602458e-01
1.589372383074434847e+00,-2.429846684210382746e-01,-6.055241252607295177e-01
2.513974990379047814e+00,4.177683653344299586e-01,-2.053362421848696773e-01
1.432769838562194309e+00,4.107820734332962576e-01,1.690821290547503963e-01
-1.219448906572427216e+00,-1.446167870738189087e+00,-9.703407336873495215e-01
8.395632498639221675e-01,-3.586561814518157698e-02,3.353009600214618136e-01
5.022768420263758138e+00,1.280877235573405271e+00,1.397308777363079901e-01
1.538429509921414251e+00,-1.782237458311023426e-01,-9.233984425022379039e-01
-6.224727395014323372e-01,5.186164468042875342e-01,5.010901126039881692e-01
-8.701496668551348401e-01,-1.289640098566365412e+00,-7.650631423237288509e-01
2.553387081884848087e+00,1.057988023619996776e-01,-7.361158321076985978e-01
2.756896396813615091e+00,7.890615238478606575e-01,-3.793338822916347830e-02
2.514193667651534042e-02,-6.110832026230932357e-01,1.499494115812283201e-01
3.021839769339719872e+00,5.535661962852949092e-01,6.337927414087745071e-01
-5.037295031537336598e-01,-1.393767679515522273e+00,-7.238205586212826947e-01
-2.034443940775074289e+00,-1.900745746535199121e+00,-7.161430391281895513e-01
8.014258265509587309e-01,-8.143543404003036335e-01,-4.787142180566303917e-01
1.936906324643287380e+00,4.438925287182508006e-01,7.572004863453263290e-01
4.476333953694946466e+00,2.032526565700364607e+00,9.973391770288762004e-01
-1.984512426340827140e+00,-3.209560275561594622e+00,-7.943039996978664696e-01
-1.271410319349381535e+00,-2.168809173069634055e-01,9.216355239872244809e-01
-1.506439393881476185e+00,-2.043939994830717310e+00,-6.114624724639887710e-01
