log_packs_per_capita,log_real_price,real_sales_tax
4.7577735179925025,4.553501879962688,0.7884121477370803
4.856198064021435,4.546562008992547,0
4.649403445366494,4.61422528308787,4.805221101108278
4.608793983190342,4.607373554127143,5.672862669344178
4.727065104021972,4.4728771634939966,0
4.693898304475791,4.778975070978786,8.813507254816061
4.968778981894856,4.556531001176216,0
4.805504548929117,4.674200262490522,5.102232160761475
4.846032776931604,4.501719984216966,0.7823728011369394
4.73396422262042,4.550172182177428,3.6403344862068083
4.634904819203639,4.560500694299877,3.6781287065947477
4.813877886676309,4.575364739175307,0.8506048320533465
4.924622508369675,4.492971000327063,4.2565056033907185
4.759438547750768,4.521090447495785,2.677740279290976
5.22593583199142,4.392672061702909,3.8502952867348643
4.848565410706122,4.612522272322763,3.8745342140639654
4.750806985769895,4.6471068464326075,0
4.795614549613356,4.448175759390262,0
4.8529434668180125,4.60002222819617,4.737453498958897
4.852068171755184,4.579892142051475,0.772150050375902
4.726531069150286,4.6598701712778245,5.978623425157746
4.8704067206489565,4.525279401749439,0.7944550395949188
4.762517329002123,4.583499682723664,5.539032734029602
4.646867676056497,4.5248111824426385,0
5.045254202478002,4.369024213829012,3.037174465015104
4.658381858532429,4.597782378820535,3.817845542425564
4.676389834585011,4.5769568447949345,3.7391585463645147
5.288236666784612,4.485875808791265,0
4.758073903378011,4.631010626904766,0
4.485735310339225,4.559320882452905,3.673791083721
4.9555160308181,4.664600148119851,6.0069713062347
4.759288734649035,4.6272101598339805,0.8189297265653327
4.848890493307228,4.536148236633901,4.444313860783473
4.8452838560459535,4.546493813901175,0.7680446418857565
4.782929655491295,4.501804118146279,0
4.768164721819145,4.6187761592729135,5.737918149304576
4.888707059393074,4.541292343461707,0
4.845834878801001,4.433658975483775,4.011384708993038
4.668992097959871,4.502319303711726,0
4.866261292076079,4.551187949798212,5.362918509369799
4.745826755557335,4.603123480720851,3.838291043947639
4.220187724190802,4.629008698038472,5.796932510035791
4.897912902820458,4.444348215887253,3.2747829582118744
4.978683702216295,4.5417050883213514,0
4.566721690467152,4.790129934654461,7.8712061033384995
4.6809916790244275,4.668110136364501,5.071250153166204
4.726036503264709,4.61728286647441,4.819933920826877
4.862908334898979,4.464354433238699,0
4.716218353666047,4.698242253876648,0.9616802764706489
4.762325924260892,4.743322990033172,4.415966201838526
4.4521362326500515,4.728514584906838,5.387018317370299
4.306764931620447,4.967907642671653,8.135424679699087
4.490186934398718,4.724057810753304,0
4.508839114768014,4.94624990967858,10.418262827768551
4.823124392593453,4.666379759416098,0
4.661010864591682,4.857760215215926,7.286918626657792
4.724202847437873,4.652093840090335,0.9467615111761836
4.581594274484008,4.801815382464497,4.6819705743662094
4.514315010829808,4.744657696376221,5.47468923039316
4.564339052047206,4.809193139374447,6.941471062786908
4.862728137591878,4.6767790054875285,5.115404267273231
4.558681966257674,4.753321996343845,4.460341611706018
5.228334036282587,4.555617119734094,4.531688421375196
4.676913614889973,4.746033823994719,4.427953166343038
4.580329824980408,4.848438878917347,6.073386592921706
4.6048718321588415,4.6551013233535725,0
4.744232434012126,4.84775624143794,6.069242086080613
4.742685170657496,4.713665545978378,0.914178974471674
4.49382638252649,4.920827626426593,7.761283702620655
4.795482926497391,4.617066876688056,0.9034689266876316
4.6575391726683115,4.7430697689632195,6.497322944095665
4.464690357515355,4.68644811007989,0
4.879813211605191,4.5687102187737825,2.808339725517589
4.418817719351066,4.823203133550049,7.039404008241526
4.51681763347977,4.772295663743916,4.545779744634922
5.039740575385948,4.7140440160422905,0
4.589820899926199,4.806553656998725,0
4.270845041517668,4.732353855858765,5.407740851575755
4.792025643641972,4.9893078197758225,8.311399856438019
4.541894213854164,4.918883934896801,5.263453640170287
4.7522614652393536,4.708067937365781,5.277991519448772
4.5347129795103704,4.767684633862963,4.524867497088122
4.593011067613724,4.797599526563132,0
4.630273287391854,4.730508882069521,6.4162219500160145
4.611471928250095,4.821198565562574,0
4.778910680885009,4.6285182770696185,4.874393897797392
4.517200930723973,4.752006069823866,4.454475091459141
4.813933305904357,4.7248183877051755,8.348890131349101
4.442788755653601,4.822441979972663,7.034048254682821
3.970561713002954,4.861009784378189,6.150217577488331
4.751410941540193,4.6729701735280775,5.095958649788247
4.808769681310007,4.764862477275381,4.512115841884834
4.366183910964155,4.954804125093944,9.280222110542647
4.54846160776759,4.8275407288724,5.9477817676358145
4.713716151578446,4.7575662123834075,6.5921971267549475
4.651708016100537,4.584621277526121,0
4.6159660400774145,4.643604104389694,0.9216974840424176
4.709917232262049,4.746542830458385,5.485019287031451
4.276029391723956,4.869992095071573,6.205706746072784
4.04057990663119,4.928169423341579,9.036307365366657
4.413802926578055,4.698749053171465,0
4.37540715992409,4.96444253261934,8.10728335939927
4.824037394855608,4.688236867850707,0
4.533400832676245,4.81359804866429,6.972115506610589
4.579592083963981,4.632184418740829,0.9392490972085913
4.526144251976115,4.830358931757976,5.96456480237616
4.31548323646036,4.76960258839662,5.61297184861548
4.422029201758285,4.86933061028045,7.371717579100142
4.899765903207728,4.619074123924854,4.828575938589357
4.48586219782295,4.744646881860534,5.47462899235759
5.151253573316538,4.562128990738118,5.421916581965982
4.655636394354683,4.701406665892354,4.234689623268891
4.338866539338015,4.9590427471267144,6.783683470223248
4.349936573445613,4.804589711031777,5.812827952671069
4.629567925529747,4.863035454504837,7.325460617989086
4.3992309414421,5.062834553673419,8.945540594597635
4.418181321131897,4.97387271419044,9.458882727308419
4.8077050638026,4.636371845636682,0.9110343533967332
4.659492172487467,4.709916783736536,7.264490539052887
4.467740562687186,4.629905573661402,0
4.800227489845941,4.589256904312334,3.785433906972023
4.379610827572372,4.837451292256766,7.140422761215816
4.469014853004035,4.783629369350707,5.6922594839050955
5.0520123103447,4.694507363127798,0
4.386657998435324,4.892296901828191,7.54297847083263
4.169279926803251,4.749976149488344,5.503882515328639
4.538240706572933,4.909442113145517,8.868655918326903
4.2601036286479035,4.980699134321551,5.599079741788317
4.712948712484493,4.689994045911222,5.1834529363424044
4.688408770173221,4.715253796308209,5.316053721778355
4.523480042019187,4.827263379381234,0
4.560623443348599,4.750072212760936,6.542977062848764
4.528286983009019,4.9923557375365855,9.635335011754332
4.682897122761319,4.607914107761528,4.774989952471139
4.576968538109917,4.702851699928354,4.240814665684417
4.806640995732763,4.697056526643205,8.120296884335225
4.29154525631648,4.867949974456394,7.3615500587520195
3.8973599812722233,4.7770274366998855,5.65480085711794
4.657638067987411,4.694624927566343,5.207513815058823
4.806761180113337,4.74709090745576,5.488025488887196
4.182522121867978,5.0555825446437215,10.264219423950047
4.526844759300969,4.883861496989558,6.292378474180446
4.749866303946447,4.693760084709657,6.184710891646391
4.72062283098336,4.644678964827301,0
